{"cameraMode":{"drawMode":0,"name":"Shaded","section":"Shading Mode"},"sceneLighting":true,"audioPlay":false,"sceneViewState":{"showFog":true,"showMaterialUpdate":true,"showSkybox":true,"showFlares":true,"showImageEffects":true,"showParticleSystems":true},"in2DMode":false,"pivot":{"x":25.72772979736328,"y":6.857151508331299,"z":37.145912170410159},"rotation":{"x":-0.1766817718744278,"y":0.3812931478023529,"z":-0.07445905357599259,"w":-0.9044413566589356},"size":158.67665100097657,"orthographic":false}